id,leftFileId,rightFileId,similarity,totalOverlap,continuousOverlap
135,6,7,1,202,202
133,4,6,0.5220883534136547,41,27
134,4,7,0.5220883534136547,41,27
137,5,6,0.17777777777777778,19,19
138,5,7,0.17777777777777778,19,19
136,4,5,0.02857142857142857,1,1
